latitude,longitude,popularity,surcharge
40.738552,-73.999684,11152.0,1.2
40.749592,-74.002785,6697.0,1.35
40.744061,-74.006811,5726.0,1.3
40.7510799,-74.0024878,6435.0,1.16666666667
40.739755,-74.0025244,6713.0,1.2
40.7403587,-74.0060505,2607.0,1.4
40.755469,-73.9856025,1481.0,1.0
40.7649877,-73.9611475,264.0,1.0
40.755035,-73.986639,1304.0,1.0
40.739405,-74.006449,2965.0,1.5
40.750209,-74.002332,4886.0,1.16666666667
40.7616583,-73.9865645,2678.0,1.0
40.739412,-74.00539,4748.0,1.5
40.7209376,-73.9937177,4647.0,1.5
40.8029837,-73.9638672,880.0,1.0
40.765521,-73.980036,716.0,1.0
40.74347,-74.007238,2513.0,1.4
40.7622893,-73.9861046,1358.0,1.0
40.750209,-74.002332,4886.0,1.16666666667
40.7313855,-73.9887572,1796.0,1.45
40.7684306,-73.9890597,195.0,1.0
40.724086,-73.9788677,1174.0,1.45
40.7422567,-74.0043512,10182.0,1.2
40.749592,-74.002785,6697.0,1.35
40.7653085,-73.9913292,346.0,1.0
40.7510799,-74.0024878,6435.0,1.16666666667
40.7851747,-73.9514388,187.0,1.0
40.729258,-73.987191,3895.0,1.45
40.7515147,-73.9939557,3359.0,1.0
40.7633783,-73.9964573,3705.0,1.0
40.754177,-73.984596,1075.0,1.0
40.7313938,-73.988565,1300.0,1.45
40.7198309,-73.9875431,4239.0,1.53333333333
40.747168,-73.9854922,6720.0,1.0
40.7740155,-73.9545593,205.0,1.0
40.7270585,-73.991472,4072.0,1.5
40.7433226,-74.0068872,3825.0,1.4
40.740942,-74.007483,5044.0,1.5
40.744646,-74.006385,1798.0,1.3
40.739631,-74.006334,3909.0,1.5
40.7609501,-73.9906714,2115.0,1.0
40.744061,-74.006811,5726.0,1.3
40.729906,-73.988913,806.0,1.45
40.7558734,-73.9943637,245.0,1.0
40.7629781,-73.9718586,4622.0,1.0
40.740024,-74.005291,2264.0,1.2
40.7510799,-74.0024878,6435.0,1.16666666667
40.7591595,-73.9883858,1298.0,1.0
40.7794971,-73.9534887,426.0,1.0
40.7209376,-73.9937177,4647.0,1.5
40.7622894,-73.9723599,1828.0,1.0
40.7713558,-73.9820472,297.0,1.0
40.7294404,-73.9780305,1208.0,1.4
40.7304431,-73.9863307,711.0,1.45
40.724584,-73.987502,1175.0,1.5
40.7270585,-73.991472,4072.0,1.5
40.740261,-74.005864,2794.0,1.4
40.7410838,-74.0053798,1707.0,1.2
40.7416561,-74.0048858,5992.0,1.2
40.7736444,-73.9517323,415.0,1.0
40.7402559,-73.9905265,3749.0,1.3
40.754318,-73.986865,483.0,1.0
40.757381,-73.966702,1599.0,1.0
40.741628,-74.00697,1411.0,1.4
40.7646309,-73.9955449,3076.0,1.0
40.7733322,-73.9550869,826.0,1.0
40.724494,-73.981637,822.0,1.45
40.7284251,-73.9996723,4136.0,1.5
40.7366007,-73.9818452,624.0,1.1
40.763043,-73.956526,118.0,1.0
40.7752903,-73.9536285,1436.0,1.0
40.7198309,-73.9875431,4239.0,1.53333333333
40.739755,-74.0025244,6713.0,1.2
40.785194,-73.9493307,291.0,1.0
40.732347,-73.984941,4487.0,1.35
40.7415262,-74.0049084,2745.0,1.4
40.7514557,-73.9760254,2188.0,1.0
40.7578357,-73.9871893,1801.0,1.0
40.7696238,-73.9919069,327.0,1.0
40.7214133,-73.9885412,1249.0,1.53333333333
40.7271144,-73.9916033,5152.0,1.375
40.7388264,-73.983148,4119.0,1.1
40.758981,-73.9959432,361.0,1.0
40.7434403,-73.919581,128.0,1.0
40.7765623,-73.9527041,2452.0,1.0
40.721248,-73.992237,2658.0,1.33333333333
40.7235071,-73.9792861,693.0,1.6
40.725796,-73.986623,536.0,1.5
40.7313565,-73.982557,3307.0,1.23333333333
40.7313855,-73.9887572,1796.0,1.45
40.7627499,-73.9969249,1691.0,1.0
40.7271144,-73.9916033,5152.0,1.375
40.727599,-73.985307,2184.0,1.5
40.7414956,-74.0050584,1986.0,1.4
40.756567,-73.990276,3070.0,1.0
40.7604088,-73.9874753,3086.0,1.0
40.7270585,-73.991472,4072.0,1.5
40.7520155,-74.0047377,1176.0,1.4
40.7572335,-73.9897914,4281.0,1.0
40.720836,-73.997655,5078.0,1.25
40.723772,-73.950788,795.0,1.0
40.725473,-73.983958,3934.0,1.5
40.7314023,-73.9826672,2457.0,1.35
40.742089,-73.984977,2616.0,1.1
40.7422885,-74.0044325,3743.0,1.4
40.7714459,-73.9822732,971.0,1.0
40.7928246,-73.967449,126.0,1.0
40.728696,-73.989805,331.0,1.4
40.731065,-74.001413,3318.0,1.45
40.741617,-73.993739,5080.0,1.15
40.7216124,-73.9934649,2596.0,1.5
40.724283,-73.9908109,1332.0,1.5
40.7304319,-74.000122,3421.0,1.45
40.7391764,-73.9799917,307.0,1.1
40.743425,-73.999848,1306.0,1.15
40.7485042,-73.988708,1169.0,1.0
40.7762703,-73.9579394,102.0,1.0
40.7765551,-73.9767687,46.0,1.0
40.7959319,-73.9727152,36.0,1.0
40.720836,-73.997655,5078.0,1.25
40.7359283,-73.989497,209.0,1.35
40.740945,-74.005366,1557.0,1.4
40.74108,-74.001555,2671.0,1.4
40.744646,-74.006385,1798.0,1.3
40.7603553,-73.9912267,1135.0,1.0
40.7194752,-74.0043773,2177.0,1.33333333333
40.7198309,-73.9875431,4239.0,1.53333333333
40.726409,-73.986176,906.0,1.5
40.7336146,-74.0028201,3501.0,1.45
40.7425849,-74.0051318,973.0,1.4
40.745294,-73.998486,2463.0,1.15
40.745726,-73.978121,2282.0,1.0
40.7561419,-73.9831666,578.0,1.0
40.7596264,-73.9954726,1376.0,1.0
40.7599854,-73.9647985,466.0,1.0
40.694317,-73.930512,119.0,1.35
40.7238117,-73.9912532,1062.0,1.5
40.7256194,-73.9919974,1620.0,1.5
40.7271144,-73.9916033,5152.0,1.375
40.7313565,-73.982557,3307.0,1.23333333333
40.740853,-73.985879,2046.0,1.1
40.7453996,-73.9773216,2347.0,1.0
40.7795072,-73.9555814,1678.0,1.0
40.7946106,-73.971682,1701.0,1.0
40.7200783,-73.988359,2111.0,1.4
40.725473,-73.983958,3934.0,1.5
40.7375427,-73.9840861,717.0,1.35
40.74047,-73.998287,1666.0,1.4
40.7428829,-74.0039992,2246.0,1.2
40.7614885,-73.9605889,904.0,1.0
40.7844628,-73.9773621,2185.0,1.0
40.727599,-73.985307,2184.0,1.5
40.72958,-73.993262,831.0,1.55
40.750209,-74.002332,4886.0,1.16666666667
40.763659,-73.973465,1776.0,1.0
40.766505,-73.994173,535.0,1.0
40.7697674,-73.9545659,482.0,1.0
40.7786753,-73.9820873,146.0,1.0
40.725473,-73.983958,3934.0,1.5
40.7284251,-73.9996723,4136.0,1.5
40.7313938,-73.988565,1300.0,1.45
40.737361,-73.99684,2931.0,1.4
40.7508962,-73.9944062,1543.0,1.1
40.755373,-73.987447,2147.0,1.0
40.7623902,-73.929425,59.0,1.0
40.7656116,-73.9606918,233.0,1.0
40.7815447,-73.9604135,71.0,1.0
40.7927512,-73.9713117,61.0,1.0
40.706407,-74.004558,39.0,1.0
40.726666,-73.98309,2588.0,1.5
40.727564,-73.99419,1910.0,1.5
40.732347,-73.984941,4487.0,1.35
40.732929,-74.000066,1492.0,1.45
40.7381454,-74.0095774,1981.0,1.25
40.73884,-73.985232,1752.0,1.1
40.7485715,-73.9886575,1100.0,1.0
40.7706087,-73.9822655,168.0,1.0
40.720836,-73.997655,5078.0,1.25
40.7284251,-73.9996723,4136.0,1.5
40.729558,-73.989902,2704.0,1.45
40.732548,-73.9877242,2397.0,1.45
40.7332927,-73.9871818,1479.0,1.35
40.743945,-73.983627,4594.0,1.0
40.745816,-74.005535,319.0,1.4
40.7502935,-73.9948451,1687.0,1.1
40.753554,-73.985043,928.0,1.0
40.7561287,-73.9676094,2494.0,1.0
40.7609858,-73.9907674,1811.0,1.0
40.761771,-73.979057,1436.0,1.0
40.761789,-73.957441,44.0,1.0
40.7666869,-73.9966193,403.0,1.0
40.7775056,-73.9549422,531.0,1.0
40.7921862,-73.968019,106.0,1.0
40.713796,-74.008832,326.0,1.1
40.7215997,-73.9889981,2429.0,1.4
40.724283,-73.9908109,1332.0,1.5
40.726053,-73.983535,2133.0,1.5
40.729558,-73.989902,2704.0,1.45
40.7301334,-73.9894829,1872.0,1.45
40.7332799,-73.9871911,1822.0,1.35
40.7344016,-73.9897642,1346.0,1.35
40.7382196,-73.9856769,2663.0,1.1
40.7401352,-74.0059578,1640.0,1.4
40.745058,-73.978607,2274.0,1.0
40.7586317,-73.9657832,534.0,1.0
40.7659147,-73.9908872,239.0,1.0
40.7211866,-73.9877912,1961.0,1.4
40.724584,-73.987502,1175.0,1.5
40.7263629,-73.9917229,3727.0,1.5
40.7264834,-73.9771353,499.0,1.35
40.7270081,-73.9998648,2290.0,1.43333333333
40.729725,-73.980858,2398.0,1.35
40.7382196,-73.9856769,2663.0,1.1
40.7403078,-74.0079577,1710.0,1.5
40.7404552,-74.0020106,1678.0,1.4
40.7408505,-74.0051265,2357.0,1.4
40.7428292,-74.0056997,1809.0,1.2
40.7555872,-73.9760685,1265.0,1.0
40.7641756,-73.9886395,514.0,1.0
40.7654145,-73.9838267,1332.0,1.0
40.793837,-73.9400924,106.0,1.0
40.713306,-73.958342,1231.0,1.1
40.7187304,-73.9891297,1083.0,1.5
40.7188917,-73.9890494,1871.0,1.43333333333
40.7198469,-74.0051916,2096.0,1.15
40.7388264,-73.983148,4119.0,1.1
40.7510494,-73.9907438,654.0,1.0
40.7549599,-73.9840313,1109.0,1.0
40.7602621,-73.9890492,1122.0,1.0
40.76104,-73.975373,582.0,1.0
40.7643653,-73.9616082,253.0,1.0
40.7717239,-73.9829418,1166.0,1.0
40.7198469,-74.0051916,2096.0,1.15
40.7226423,-73.9879094,1399.0,1.53333333333
40.7256194,-73.9919974,1620.0,1.5
40.7298109,-74.0103462,2059.0,1.45
40.740853,-73.985879,2046.0,1.1
40.742089,-73.984977,2616.0,1.1
40.752935,-73.985488,1775.0,1.0
40.756766,-73.967152,4056.0,1.0
40.758532,-73.9888431,2233.0,1.0
40.7626973,-73.9832221,1842.0,1.0
40.7641596,-73.9847413,912.0,1.0
40.7641887,-73.9884339,1266.0,1.0
40.7756382,-73.9584018,73.0,1.0
40.8175891,-73.9531759,89.0,1.0
40.7200783,-73.988359,2111.0,1.4
40.7216124,-73.9934649,2596.0,1.5
40.7223502,-73.9862198,2746.0,1.53333333333
40.7246974,-73.9784259,2030.0,1.53333333333
40.726419,-73.9918561,3033.0,1.5
40.741668,-74.001129,1367.0,1.4
40.742587,-73.98041,1956.0,1.0
40.743782,-73.973512,522.0,1.0
40.7464561,-74.0012451,477.0,1.4
40.7521958,-73.9934597,1388.0,1.0
40.7591031,-73.992139,869.0,1.0
40.7634284,-73.9927002,1411.0,1.0
40.7824641,-73.9788209,161.0,1.0
40.714451,-73.999593,2041.0,1.15
40.7188917,-73.9890494,1871.0,1.43333333333
40.7191093,-73.9897283,2542.0,1.43333333333
40.721248,-73.992237,2658.0,1.33333333333
40.724235,-73.997785,372.0,1.35
40.7249391,-73.9843475,1816.0,1.5
40.726053,-73.983535,2133.0,1.5
40.7280098,-73.9990044,1189.0,1.5
40.7288005,-74.0004308,3169.0,1.43333333333
40.729258,-73.987191,3895.0,1.45
40.7298109,-74.0103462,2059.0,1.45
40.730428,-73.9803529,1805.0,1.35
40.730947,-74.006737,488.0,1.45
40.7314023,-73.9826672,2457.0,1.35
40.732756,-73.990027,1104.0,1.45
40.7508962,-73.9944062,1543.0,1.1
40.753367,-73.974648,1184.0,1.0
40.754842,-73.984118,1088.0,1.0
40.7555037,-73.9680652,3128.0,1.0
40.7567712,-73.9827118,775.0,1.0
40.7580071,-73.9662396,668.0,1.0
40.7593108,-73.965291,581.0,1.0
40.7602403,-73.9615093,735.0,1.0
40.7606732,-73.964487,138.0,1.0
40.7700638,-73.9929745,85.0,1.0
40.7710532,-73.9596512,728.0,1.0
40.7713964,-73.9564729,2176.0,1.0
40.7074502,-74.0040671,164.0,1.0
40.7187304,-73.9891297,1083.0,1.5
40.721449,-73.997399,3322.0,1.33333333333
40.726666,-73.98309,2588.0,1.5
40.727289,-73.99364,2772.0,1.375
40.7298845,-73.9896642,1313.0,1.45
40.7307238,-73.9890529,1391.0,1.45
40.7332927,-73.9871818,1479.0,1.35
40.733742,-74.006294,1923.0,1.3
40.7339792,-73.9866818,1346.0,1.35
40.7343413,-74.002395,2934.0,1.5
40.743205,-73.979959,1806.0,1.0
40.744009,-73.999422,962.0,1.3
40.74463,-73.998972,2146.0,1.3
40.7484275,-73.996204,235.0,1.0
40.751088,-73.9868238,2230.0,1.0
40.75475,-73.987892,1122.0,1.0
40.759841,-73.984174,630.0,1.0
40.761667,-73.974915,353.0,1.0
40.7667155,-73.9828783,1316.0,1.0
40.7679231,-73.9956721,612.0,1.0
40.8214465,-73.9542759,215.0,1.0
40.713306,-73.958342,1231.0,1.1
40.717835,-73.957725,1362.0,1.1
40.7211866,-73.9877912,1961.0,1.4
40.7212921,-73.9877371,1071.0,1.53333333333
40.7226423,-73.9879094,1399.0,1.53333333333
40.7228017,-73.9930317,249.0,1.6
40.7256194,-73.9919974,1620.0,1.5
40.7263629,-73.9917229,3727.0,1.5
40.7270081,-73.9998648,2290.0,1.43333333333
40.727846,-73.982228,986.0,1.5
40.7288005,-74.0004308,3169.0,1.43333333333
40.729906,-73.988913,806.0,1.45
40.7307238,-73.9890529,1391.0,1.45
40.7312679,-73.9886567,1045.0,1.45
40.7332799,-73.9871911,1822.0,1.35
40.7336146,-74.0028201,3501.0,1.45
40.741031,-73.994165,1242.0,1.3
40.749706,-73.991563,2861.0,1.0
40.755804,-73.986398,1031.0,1.0
40.7595059,-73.9881333,485.0,1.0
40.7611421,-73.9795173,1204.0,1.0
40.76468,-73.9880799,1057.0,1.0
40.7647083,-73.9879299,1998.0,1.0
40.7705153,-73.9820402,197.0,1.0
40.7789303,-73.9820317,109.0,1.0
40.7864652,-73.9781723,152.0,1.0
40.707387,-74.005482,33.0,1.0
40.712797,-73.958665,379.0,1.1
40.714067,-73.949372,1016.0,1.0
40.714451,-73.999593,2041.0,1.15
40.718388,-73.957131,696.0,1.1
40.7190825,-73.9850756,1094.0,1.53333333333
40.7205251,-73.9895878,845.0,1.53333333333
40.7214133,-73.9885412,1249.0,1.53333333333
40.721449,-73.997399,3322.0,1.33333333333
40.7215997,-73.9889981,2429.0,1.4
40.722179,-73.949866,950.0,1.0
40.7223502,-73.9862198,2746.0,1.53333333333
40.7226423,-73.9879094,1399.0,1.53333333333
40.7227604,-73.9886061,735.0,1.3
40.7246974,-73.9784259,2030.0,1.53333333333
40.7263629,-73.9917229,3727.0,1.5
40.727289,-73.99364,2772.0,1.375
40.7291711,-74.0011907,1970.0,1.43333333333
40.729725,-73.980858,2398.0,1.35
40.733372,-73.985242,1231.0,1.35
40.7339792,-73.9866818,1346.0,1.35
40.738317,-73.987726,1760.0,1.23333333333
40.7407313,-74.00896,1151.0,1.5
40.741351,-73.981312,1779.0,1.1
40.7423235,-73.9914334,417.0,1.0
40.742772,-73.986597,1071.0,1.1
40.7428299,-74.003883,1165.0,1.4
40.746536,-73.985949,1727.0,1.0
40.74905,-73.982024,509.0,1.0
40.7546125,-73.9737345,1768.0,1.0
40.755516,-73.983624,948.0,1.0
40.7579667,-73.985552,946.0,1.0
40.7594164,-73.98317,1315.0,1.0
40.7662134,-73.9795321,262.0,1.0
40.7685835,-73.9852319,1009.0,1.0
40.7710998,-73.9617136,726.0,1.0
40.776888,-73.9493698,500.0,1.0
40.7791759,-73.9507943,641.0,1.0
40.7866018,-73.9526675,90.0,1.0
40.7877592,-73.9445419,43.0,1.0
40.7928581,-73.9675289,171.0,1.0
40.7963153,-73.9382745,229.0,1.0
40.703773,-73.931155,220.0,1.6
40.706853,-74.005003,37.0,1.0
40.7150489,-73.9517608,741.0,1.0
40.718848,-73.9889127,2171.0,1.325
40.7214133,-73.9885412,1249.0,1.53333333333
40.7214627,-74.0045435,861.0,1.4
40.7224093,-73.9871646,1009.0,1.53333333333
40.7224121,-73.9916434,2279.0,1.5
40.722671,-73.982964,1462.0,1.53333333333
40.7258893,-73.9775646,525.0,1.4
40.726866,-73.979906,2576.0,1.4
40.7286617,-73.9876236,1065.0,1.45
40.729086,-73.981325,1498.0,1.35
40.7299867,-74.0004975,2095.0,1.43333333333
40.731065,-74.001413,3318.0,1.45
40.7319135,-73.9881864,632.0,1.45
40.7326704,-73.987635,1475.0,1.45
40.733372,-74.002572,2131.0,1.45
40.7350814,-73.9913952,627.0,1.45
40.7352992,-73.9916233,726.0,1.45
40.736691,-73.99312,1233.0,1.45
40.742839,-74.000275,1269.0,1.3
40.744533,-73.988869,2402.0,1.1
40.746392,-73.977636,1662.0,1.0
40.748439,-73.98456,2500.0,1.0
40.7507764,-73.9744431,623.0,1.0
40.7509504,-73.9905092,233.0,1.0
40.752379,-73.970341,518.0,1.0
40.7582584,-73.917477,49.0,1.0
40.7584291,-73.9926299,926.0,1.0
40.7606865,-73.9645234,733.0,1.0
40.7608254,-73.9628909,497.0,1.0
40.7608279,-73.9983286,765.0,1.0
40.7620509,-73.9255515,485.0,1.0
40.7623343,-73.9823574,1065.0,1.0
40.7640905,-73.9826034,853.0,1.0
40.7652267,-73.9316965,138.0,1.0
40.7691032,-73.9885656,780.0,1.0
40.7844958,-73.9498403,265.0,1.0
40.717835,-73.957725,1362.0,1.1
40.719005,-74.005174,1979.0,1.15
40.7190825,-73.9850756,1094.0,1.53333333333
40.7209741,-73.9938614,1092.0,1.5
40.7227676,-73.987845,1142.0,1.53333333333
40.723277,-73.988451,1315.0,1.4
40.7249391,-73.9843475,1816.0,1.5
40.725582,-73.98987,1884.0,1.5
40.7256763,-73.9921419,1327.0,1.375
40.726188,-73.989429,1882.0,1.5
40.726866,-73.979906,2576.0,1.4
40.7270081,-73.9998648,2290.0,1.43333333333
40.727599,-73.985307,2184.0,1.5
40.7282373,-73.9849776,562.0,1.5
40.7298845,-73.9896642,1313.0,1.45
40.7301334,-73.9894829,1872.0,1.45
40.7304319,-74.000122,3421.0,1.45
40.7313565,-73.982557,3307.0,1.23333333333
40.731706,-74.000954,1238.0,1.45
40.732946,-73.997987,1247.0,1.45
40.733742,-74.006294,1923.0,1.3
40.7344016,-73.9897642,1346.0,1.35
40.738044,-73.996337,617.0,1.4
40.7405783,-74.0090186,886.0,1.5
40.7414194,-74.0085993,1333.0,1.5
40.742254,-74.000703,948.0,1.4
40.743389,-73.986147,1109.0,1.1
40.744186,-73.991871,1216.0,1.1
40.744562,-73.983177,2284.0,1.0
40.7471998,-73.9875144,1488.0,1.0
40.7496708,-73.9952986,1757.0,1.0
40.7498286,-73.9722049,934.0,1.0
40.753517,-73.988787,567.0,1.0
40.7570731,-73.9698501,729.0,1.0
40.7579071,-73.9892986,1154.0,1.0
40.7602714,-73.9625762,803.0,1.0
40.7636462,-73.9776851,1592.0,1.0
40.7650732,-73.9952174,208.0,1.0
40.7684754,-73.9555091,1254.0,1.0
40.776235,-73.9558695,854.0,1.0
40.7800561,-73.9470548,108.0,1.0
40.7851655,-73.9731396,661.0,1.0
40.7864938,-73.9524117,208.0,1.0
40.7915647,-73.9684724,72.0,1.0
40.7186556,-73.9882865,939.0,1.43333333333
40.718848,-73.9889127,2171.0,1.325
40.7194752,-74.0043773,2177.0,1.33333333333
40.719493,-73.955942,285.0,1.0
40.720755,-74.01007,827.0,1.16666666667
40.7209741,-73.9938614,1092.0,1.5
40.7211866,-73.9877912,1961.0,1.4
40.7212921,-73.9877371,1071.0,1.53333333333
40.7212921,-73.9877371,1071.0,1.53333333333
40.7215997,-73.9889981,2429.0,1.4
40.7221609,-73.9887981,607.0,1.45
40.7221619,-73.9863352,531.0,1.4
40.7223502,-73.9862198,2746.0,1.53333333333
40.7224121,-73.9916434,2279.0,1.5
40.722671,-73.982964,1462.0,1.53333333333
40.723009,-73.985752,1547.0,1.45
40.7235071,-73.9792861,693.0,1.6
40.7252743,-73.9958121,220.0,1.35
40.726188,-73.989429,1882.0,1.5
40.7263678,-74.0056689,311.0,1.43333333333
40.726419,-73.9918561,3033.0,1.5
40.7264217,-74.0055199,240.0,1.43333333333
40.726666,-73.98309,2588.0,1.5
40.727289,-73.99364,2772.0,1.375
40.7280477,-73.9880737,1111.0,1.4
40.7288005,-74.0004308,3169.0,1.43333333333
40.7291379,-73.9872783,1311.0,1.4
40.729192,-73.987239,618.0,1.45
40.7299867,-74.0004975,2095.0,1.43333333333
40.7320271,-73.9881036,1139.0,1.45
40.732548,-73.9877242,2397.0,1.45
40.7326704,-73.987635,1475.0,1.45
40.733528,-73.989868,1577.0,1.35
40.7354088,-73.9898719,255.0,1.4
40.735845,-74.00596,833.0,1.5
40.736506,-73.9888706,1056.0,1.35
40.7365258,-73.9907376,1189.0,1.35
40.739497,-73.982665,989.0,1.1
40.745231,-74.00596,419.0,1.45
40.745421,-73.990968,1251.0,1.0
40.747023,-74.004653,250.0,1.35
40.747235,-73.993359,1209.0,1.1
40.74769,-74.004168,1021.0,1.35
40.7496496,-73.9990669,194.0,1.3
40.7504155,-73.9913568,573.0,1.0
40.750828,-74.001882,684.0,1.16666666667
40.7528582,-73.9929759,430.0,1.0
40.754877,-73.96852,1482.0,1.0
40.755756,-73.964786,414.0,1.0
40.7605248,-73.9799722,1186.0,1.0
40.7610365,-73.9870177,1264.0,1.0
40.7615516,-73.9940688,1236.0,1.0
40.7616057,-73.9903158,732.0,1.0
40.7617189,-73.9828071,727.0,1.0
40.7660319,-73.9833766,390.0,1.0
40.7685508,-73.9851586,1910.0,1.0
40.7710299,-73.9536447,687.0,1.0
40.773644,-73.9598562,516.0,1.0
40.7759238,-73.9531654,660.0,1.0
40.7771924,-73.9522412,1219.0,1.0
40.783893,-73.9800838,190.0,1.0
40.7864873,-73.9721756,626.0,1.0
40.7933783,-73.9708539,346.0,1.0
40.810765,-73.952591,436.0,1.0
40.7150548,-73.9923742,592.0,1.35
40.718848,-73.9889127,2171.0,1.325
40.719005,-74.005174,1979.0,1.15
40.7191093,-73.9897283,2542.0,1.43333333333
40.7200783,-73.988359,2111.0,1.4
40.7224093,-73.9871646,1009.0,1.53333333333
40.723009,-73.985752,1547.0,1.45
40.724086,-73.9788677,1174.0,1.45
40.724584,-73.987502,1175.0,1.5
40.7246273,-73.9876048,795.0,1.5
40.7246974,-73.9784259,2030.0,1.53333333333
40.7251507,-73.995285,451.0,1.35
40.7252102,-73.9901407,895.0,1.5
40.725582,-73.98987,1884.0,1.5
40.7256763,-73.9921419,1327.0,1.375
40.726792,-73.988984,1899.0,1.5
40.7275226,-73.9914753,1291.0,1.55
40.727564,-73.99419,1910.0,1.5
40.729086,-73.981325,1498.0,1.35
40.7297303,-73.9868474,1294.0,1.45
40.731658,-73.985444,1955.0,1.35
40.7316,-73.9947861,327.0,1.6
40.733372,-74.002572,2131.0,1.45
40.733966,-73.988779,822.0,1.23333333333
40.735926,-74.000722,1289.0,1.4
40.7363766,-73.9849354,598.0,1.35
40.738552,-73.999684,11152.0,1.2
40.740733,-73.981762,961.0,1.1
40.742233,-73.993292,1929.0,1.3
40.743825,-73.979508,1067.0,1.0
40.744498,-73.981109,1529.0,1.0
40.744533,-73.988869,2402.0,1.1
40.745181,-73.982727,1063.0,1.0
40.7510571,-73.9401865,303.0,1.0
40.7516675,-73.9943167,410.0,1.0
40.7528022,-73.9792861,891.0,1.0
40.7597285,-73.9722702,382.0,1.0
40.7603603,-73.9854112,1441.0,1.0
40.762396,-73.978601,1094.0,1.0
40.7628662,-73.9677091,952.0,1.0
40.7641946,-73.99839,688.0,1.0
40.7655514,-73.931389,49.0,1.0
40.7656987,-73.9190523,60.0,1.0
40.7713798,-73.9504717,245.0,1.0
40.7730129,-73.9603164,388.0,1.0
40.776725,-73.979295,386.0,1.0
40.778067,-73.9783164,182.0,1.0
40.7786714,-73.9778756,37.0,1.0
40.7798089,-73.9503368,729.0,1.0
40.7804348,-73.9498809,651.0,1.0
40.780561,-73.98021,322.0,1.0
40.7825501,-73.9452589,139.0,1.0
40.7857321,-73.9764355,612.0,1.0
40.8035932,-73.9604484,107.0,1.0
40.8151825,-73.9588379,672.0,1.0
40.711481,-73.945596,561.0,1.0
40.718388,-73.957131,696.0,1.1
40.7190036,-73.9903339,1805.0,1.43333333333
40.719193,-73.999841,1168.0,1.33333333333
40.7194752,-74.0043773,2177.0,1.33333333333
40.7215997,-73.9889981,2429.0,1.4
40.722671,-73.982964,1462.0,1.53333333333
40.7228919,-73.9797306,375.0,1.45
40.724235,-73.997785,372.0,1.35
40.724283,-73.9908109,1332.0,1.5
40.7246273,-73.9876048,795.0,1.5
40.7249391,-73.9843475,1816.0,1.5
40.725582,-73.98987,1884.0,1.5
40.726053,-73.983535,2133.0,1.5
40.726188,-73.989429,1882.0,1.5
40.726419,-73.9918561,3033.0,1.5
40.7264834,-73.9771353,499.0,1.35
40.726866,-73.979906,2576.0,1.4
40.726988,-73.985753,1302.0,1.5
40.728106,-73.978998,239.0,1.4
40.728412,-73.994252,678.0,1.55
40.728601,-74.0053147,1119.0,1.35
40.7291711,-74.0011907,1970.0,1.43333333333
40.7299849,-73.9876951,719.0,1.4
40.7304431,-73.9863307,711.0,1.45
40.7312658,-73.9884779,418.0,1.45
40.732255,-73.996351,1105.0,1.45
40.732929,-74.000066,1492.0,1.45
40.733054,-74.006407,1580.0,1.45
40.736691,-73.99312,1233.0,1.45
40.737544,-74.003866,816.0,1.5
40.738142,-74.008154,1287.0,1.5
40.7381454,-74.0095774,1981.0,1.25
40.738317,-73.987726,1760.0,1.23333333333
40.738395,-74.003861,436.0,1.5
40.739272,-73.995446,1495.0,1.3
40.7393884,-74.0079007,504.0,1.5
40.741642,-73.997434,1449.0,1.3
40.742228,-73.997007,1117.0,1.3
40.7428292,-74.0056997,1809.0,1.2
40.742901,-73.992805,1397.0,1.1
40.744627,-73.985243,1204.0,1.0
40.744802,-73.991419,2585.0,1.1
40.745383,-73.994709,1262.0,1.3
40.7479204,-73.973591,441.0,1.0
40.749102,-73.984076,810.0,1.0
40.7515541,-73.9860648,1878.0,1.0
40.75413,-73.988335,469.0,1.0
40.7589518,-73.9684787,1090.0,1.0
40.7598774,-73.9960722,393.0,1.0
40.760418,-73.975831,751.0,1.0
40.7629646,-73.9818975,752.0,1.0
40.7635505,-73.988899,1339.0,1.0
40.764279,-73.973015,216.0,1.0
40.764324,-73.977196,793.0,1.0
40.7647323,-73.9663588,442.0,1.0
40.7654159,-73.9137637,308.0,1.0
40.7694751,-73.9578726,424.0,1.0
40.7743723,-73.9635486,237.0,1.0
40.7761941,-73.9498734,367.0,1.0
40.7774027,-73.9788008,484.0,1.0
40.7788122,-73.9560833,300.0,1.0
40.7794342,-73.9475108,163.0,1.0
40.7810592,-73.949421,600.0,1.0
40.7850879,-73.9769058,682.0,1.0
40.7858671,-73.9509262,183.0,1.0
40.7935499,-73.9453255,64.0,1.0
40.694674,-73.931145,35.0,1.5
40.7134182,-73.9158937,6.0,1.2
40.714362,-74.008387,601.0,1.1
40.7172018,-73.9907057,632.0,1.45
40.7187289,-73.9881118,999.0,1.5
40.718968,-73.961028,530.0,1.2
40.7193368,-73.9859139,714.0,1.53333333333
40.7200783,-73.988359,2111.0,1.4
40.7214549,-73.9885198,326.0,1.6
40.721733,-73.958056,985.0,1.2
40.7223227,-73.9575216,348.0,1.2
40.7224093,-73.9871646,1009.0,1.53333333333
40.7227676,-73.987845,1142.0,1.53333333333
40.723277,-73.988451,1315.0,1.4
40.723649,-73.985286,1140.0,1.6
40.724494,-73.981637,822.0,1.45
40.724929,-73.9903443,643.0,1.55
40.72625,-74.00373,252.0,1.43333333333
40.7264217,-74.0055199,240.0,1.43333333333
40.726792,-73.988984,1899.0,1.5
40.727564,-73.99419,1910.0,1.5
40.7280098,-73.9990044,1189.0,1.5
40.728446,-73.98179,1309.0,1.5
40.729008,-73.993747,379.0,1.45
40.7294404,-73.9780305,1208.0,1.4
40.729685,-73.998605,835.0,1.45
40.7297303,-73.9868474,1294.0,1.45
40.730058,-73.999367,424.0,1.45
40.730428,-73.9803529,1805.0,1.35
40.730447,-74.004303,1227.0,1.43333333333
40.730447,-74.004303,1227.0,1.43333333333
40.732852,-74.007523,394.0,1.4
40.7332211,-74.0030502,2060.0,1.45
40.7350306,-73.9985393,257.0,1.5
40.7366007,-73.9818452,624.0,1.1
40.7369623,-73.9845088,917.0,1.35
40.7371445,-73.9742208,19.0,1.0
40.738686,-73.995874,514.0,1.4
40.739128,-73.9798721,103.0,1.2
40.739411,-74.0057758,312.0,1.5
40.7402855,-74.0059861,277.0,1.4
40.740733,-73.981762,961.0,1.1
40.7416532,-73.9781921,730.0,1.0
40.7422757,-73.9777264,266.0,1.0
40.7445842,-74.0025975,93.0,1.4
40.744802,-73.991419,2585.0,1.1
40.745861,-73.984344,244.0,1.0
40.74658,-73.9975495,418.0,1.1
40.748245,-73.976288,644.0,1.0
40.7484561,-73.9885937,665.0,1.0
40.7496412,-73.9815997,333.0,1.0
40.750828,-74.001882,684.0,1.16666666667
40.751445,-74.00143,401.0,1.16666666667
40.7524145,-73.9783711,506.0,1.0
40.7546842,-73.9837435,868.0,1.0
40.754707,-73.991633,927.0,1.0
40.7560361,-73.9869489,518.0,1.0
40.7576042,-73.9927446,1327.0,1.0
40.7583747,-73.9709918,791.0,1.0
40.7590024,-73.970533,833.0,1.0
40.7603636,-73.9737663,935.0,1.0
40.7613119,-73.9640529,244.0,1.0
40.7616646,-73.9708574,388.0,1.0
40.764805,-73.9879849,892.0,1.0
40.7652688,-73.9853887,1106.0,1.0
40.7658781,-73.9808768,123.0,1.0
40.7672636,-73.9221697,151.0,1.0
40.7679183,-73.9857166,205.0,1.0
40.7692182,-73.9847694,625.0,1.0
40.7717042,-73.9591761,398.0,1.0
40.7749252,-73.9507993,254.0,1.0
40.7801202,-73.953034,196.0,1.0
40.7807525,-73.9525725,292.0,1.0
40.7810582,-73.9814257,101.0,1.0
40.7813783,-73.9521157,258.0,1.0
40.7823112,-73.9485053,471.0,1.0
40.783828,-73.9778254,651.0,1.0
40.7843497,-73.9811702,52.0,1.0
40.7863627,-73.9759753,461.0,1.0
40.7883609,-73.9766072,492.0,1.0
40.7952534,-73.9732066,112.0,1.0
40.803744,-73.955861,139.0,1.0
40.7075715,-74.0041207,84.0,1.0
40.7078336,-74.0043255,60.0,1.0
40.7186884,-73.9889958,310.0,1.5
40.7189737,-73.988925,801.0,1.43333333333
40.71907,-73.99336,1754.0,1.5
40.7193368,-73.9859139,714.0,1.53333333333
40.7204864,-73.9968212,1576.0,1.33333333333
40.720755,-74.01007,827.0,1.16666666667
40.7209813,-73.9869509,801.0,1.53333333333
40.72165,-73.993586,950.0,1.5
40.7221619,-73.9863352,531.0,1.4
40.7228919,-73.9797306,375.0,1.45
40.723942,-73.987968,615.0,1.45
40.7252951,-73.977994,646.0,1.53333333333
40.726988,-73.985753,1302.0,1.5
40.7275226,-73.9914753,1291.0,1.55
40.7282373,-73.9849776,562.0,1.5
40.72894,-73.9903444,969.0,1.4
40.7310432,-73.9996039,256.0,1.4
40.7335778,-73.9994741,329.0,1.5
40.7346191,-73.9862156,858.0,1.35
40.7352056,-73.9857884,813.0,1.35
40.7389006,-73.9873016,960.0,1.1
40.739673,-73.990945,707.0,1.15
40.741471,-73.985428,1444.0,1.1
40.7434215,-74.0034468,1015.0,1.4
40.7434761,-74.0035806,1095.0,1.4
40.744061,-74.006811,5726.0,1.3
40.7444054,-73.9279298,138.0,1.0
40.746038,-73.990518,579.0,1.1
40.747773,-73.985046,1485.0,1.0
40.748469,-73.992463,1271.0,1.1
40.7488648,-73.9758337,671.0,1.0
40.7490205,-73.988329,469.0,1.0
40.7490521,-73.9957492,588.0,1.1
40.749724,-73.983621,2137.0,1.0
40.750959,-73.982724,1008.0,1.0
40.751097,-73.990546,234.0,1.0
40.7511138,-73.9451886,65.0,1.0
40.755243,-73.973276,895.0,1.0
40.75533,-73.991177,553.0,1.0
40.7553883,-73.9911346,567.0,1.0
40.756381,-73.964325,376.0,1.0
40.75671,-73.986458,742.0,1.0
40.7573404,-73.986013,809.0,1.0
40.7583127,-73.9629223,277.0,1.0
40.7585383,-73.9849722,681.0,1.0
40.7612123,-73.9639111,223.0,1.0
40.7618737,-73.9673246,59.0,1.0
40.762185,-73.9936069,633.0,1.0
40.7627995,-73.989446,424.0,1.0
40.7628063,-73.9656691,280.0,1.0
40.763023,-73.9781397,649.0,1.0
40.763366,-73.95924,345.0,1.0
40.7635282,-73.9852016,1707.0,1.0
40.7670343,-73.9794512,234.0,1.0
40.7685672,-73.9815338,174.0,1.0
40.7752361,-73.9853723,17.0,1.0
40.7768695,-73.9554065,489.0,1.0
40.7798073,-73.9844842,105.0,1.0
40.7806939,-73.9465786,178.0,1.0
40.8023687,-73.9642901,496.0,1.0
40.8118101,-73.9610595,27.0,1.0
40.710221,-73.950994,325.0,1.0
40.711168,-73.948892,826.0,1.0
40.711324,-73.947245,855.0,1.0
40.713256,-74.009254,337.0,1.1
40.7140674,-73.9516047,748.0,1.0
40.714383,-74.010128,354.0,1.1
40.715355,-73.9934,256.0,1.3
40.717032,-73.956439,614.0,1.0
40.7181209,-73.9865384,1336.0,1.43333333333
40.7187289,-73.9881118,999.0,1.5
40.7189506,-73.9898117,778.0,1.43333333333
40.7200948,-73.9941321,427.0,1.6
40.7204864,-73.9968212,1576.0,1.33333333333
40.720628,-74.005208,200.0,1.5
40.720705,-73.997349,1164.0,1.5
40.7212563,-74.0047121,315.0,1.2
40.7214627,-74.0045435,861.0,1.4
40.722384,-74.003768,1244.0,1.33333333333
40.7227604,-73.9886061,735.0,1.3
40.72311,-73.9894345,842.0,1.45
40.7248794,-73.9922645,677.0,1.55
40.725674,-74.005781,705.0,1.5
40.727261,-73.982657,1173.0,1.5
40.727867,-73.993147,573.0,1.45
40.728446,-73.98179,1309.0,1.5
40.7285462,-73.9877078,873.0,1.45
40.7298409,-73.9867672,392.0,1.4
40.7299867,-74.0004975,2095.0,1.43333333333
40.730447,-74.004303,1227.0,1.43333333333
40.7306534,-73.9830644,1092.0,1.35
40.7312679,-73.9886567,1045.0,1.45
40.7323105,-74.0035828,1668.0,1.45
40.7332211,-74.0030502,2060.0,1.45
40.7335591,-73.9994494,315.0,1.4
40.733742,-74.006294,1923.0,1.3
40.7339175,-74.0028914,1379.0,1.45
40.734659,-73.988286,1766.0,1.35
40.735204,-73.991692,510.0,1.45
40.7357906,-73.9853623,482.0,1.35
40.7365258,-73.9907376,1189.0,1.35
40.7366271,-73.9889819,622.0,1.35
40.7404018,-73.979098,565.0,1.0
40.741038,-73.9786326,661.0,1.0
40.7416561,-74.0048858,5992.0,1.2
40.742708,-73.984529,1030.0,1.0
40.742772,-73.986597,1071.0,1.1
40.743389,-73.986147,1109.0,1.1
40.7435081,-73.9881524,1933.0,1.0
40.744008,-73.985696,763.0,1.0
40.744099,-73.995645,692.0,1.3
40.7441986,-73.9803967,681.0,1.0
40.74446,-73.9790542,761.0,1.0
40.7446399,-74.0027323,192.0,1.4
40.7446819,-73.9759481,358.0,1.0
40.744763,-73.995161,794.0,1.3
40.746402,-73.979724,630.0,1.0
40.7482826,-73.9881817,1075.0,1.0
40.748469,-73.992463,1271.0,1.1
40.7488769,-74.006932,201.0,1.4
40.7489802,-73.9879365,1098.0,1.0
40.749101,-73.992006,1411.0,1.1
40.7500365,-73.9913122,952.0,1.0
40.7505247,-73.9872396,818.0,1.0
40.751445,-74.00143,401.0,1.16666666667
40.751577,-73.982275,902.0,1.0
40.751748,-73.970804,721.0,1.0
40.7517,-73.986399,691.0,1.0
40.752641,-74.0042976,481.0,1.4
40.7533975,-73.9846716,701.0,1.0
40.753481,-73.978783,426.0,1.0
40.753481,-73.980888,438.0,1.0
40.7545043,-73.9656965,234.0,1.0
40.75587,-73.97282,695.0,1.0
40.7571246,-73.9719073,962.0,1.0
40.7573902,-73.9822537,787.0,1.0
40.7577,-73.969394,964.0,1.0
40.7591551,-73.9845002,461.0,1.0
40.7594571,-73.9852168,841.0,1.0
40.7609506,-73.9670772,305.0,1.0
40.7615047,-73.9978445,402.0,1.0
40.76197,-73.92538,125.0,1.0
40.7622326,-73.9898591,415.0,1.0
40.762826,-73.933981,60.0,1.0
40.7629156,-73.9856481,1085.0,1.0
40.763429,-73.9284422,298.0,1.0
40.7646694,-73.9917953,445.0,1.0
40.764918,-73.95516,412.0,1.0
40.7651209,-73.9790849,673.0,1.0
40.765675,-73.976234,672.0,1.0
40.7658627,-73.9946486,246.0,1.0
40.7672471,-73.9862074,340.0,1.0
40.7676993,-73.9810182,75.0,1.0
40.7691042,-73.9550486,459.0,1.0
40.7720257,-73.9560108,878.0,1.0
40.7729527,-73.9819546,150.0,1.0
40.78389,-73.9502824,241.0,1.0
40.7858701,-73.9488338,84.0,1.0
40.792248,-73.9462785,44.0,1.0
40.7948104,-73.9444042,219.0,1.0
40.7969883,-73.9377842,311.0,1.0
40.7986157,-73.9416251,324.0,1.0
40.7992016,-73.9627924,126.0,1.0
40.8025882,-73.9531095,28.0,1.0
40.8036112,-73.9672429,119.0,1.0
40.80442,-73.955368,691.0,1.0
40.712861,-73.965781,373.0,1.0
40.7140973,-73.9998918,262.0,1.0
40.714362,-74.008387,601.0,1.1
40.714502,-73.961287,454.0,1.2
40.714532,-73.944388,578.0,1.0
40.714692,-73.942687,254.0,1.0
40.7170829,-74.0062463,127.0,1.0
40.71728,-73.958319,467.0,1.0
40.7181209,-73.9865384,1336.0,1.43333333333
40.7182743,-73.9892832,457.0,1.43333333333
40.7183875,-73.9873771,1031.0,1.5
40.71843,-74.000532,970.0,1.33333333333
40.7186362,-73.9890978,356.0,1.5
40.7186556,-73.9882865,939.0,1.43333333333
40.7186884,-73.9889958,310.0,1.5
40.7189506,-73.9898117,778.0,1.43333333333
40.7189737,-73.988925,801.0,1.43333333333
40.7190036,-73.9903339,1805.0,1.43333333333
40.71907,-73.99336,1754.0,1.5
40.719193,-73.999841,1168.0,1.33333333333
40.7193368,-73.9859139,714.0,1.53333333333
40.7203062,-73.9891101,785.0,1.53333333333
40.7204142,-73.9896444,690.0,1.53333333333
40.7204864,-73.9968212,1576.0,1.33333333333
40.720705,-73.997349,1164.0,1.5
40.7209813,-73.9869509,801.0,1.53333333333
40.721173,-73.996575,675.0,1.4
40.7212285,-73.9877697,490.0,1.45
40.721308,-73.994706,1214.0,1.5
40.72165,-73.993586,950.0,1.5
40.7216783,-73.9806076,773.0,1.55
40.721733,-73.958056,985.0,1.2
40.7222048,-73.9971004,1314.0,1.5
40.722384,-74.003768,1244.0,1.33333333333
40.7227676,-73.987845,1142.0,1.53333333333
40.724863,-73.984403,570.0,1.55
40.725073,-73.981211,869.0,1.5
40.7252462,-73.9871571,451.0,1.45
40.725436,-73.951736,562.0,1.0
40.7256763,-73.9921419,1327.0,1.375
40.7258893,-73.9775646,525.0,1.4
40.726601,-74.007434,314.0,1.4
40.726988,-73.985753,1302.0,1.5
40.727098,-73.952685,275.0,1.0
40.727261,-73.982657,1173.0,1.5
40.7280098,-73.9990044,1189.0,1.5
40.729008,-73.993747,379.0,1.45
40.72918,-73.995812,99.0,1.5
40.729373,-73.9839987,652.0,1.5
40.7296852,-73.9902112,762.0,1.45
40.7313257,-73.9886146,190.0,1.4
40.731658,-73.985444,1955.0,1.35
40.731706,-74.000954,1238.0,1.45
40.7320271,-73.9881036,1139.0,1.45
40.732315,-74.000511,842.0,1.45
40.733304,-73.993322,344.0,1.45
40.734252,-74.00297,1206.0,1.5
40.7346191,-73.9862156,858.0,1.35
40.734659,-73.988286,1766.0,1.35
40.7346947,-73.990781,870.0,1.5
40.734784,-73.998714,1055.0,1.5
40.7348457,-73.9908242,540.0,1.45
40.7352056,-73.9857884,813.0,1.35
40.7352992,-73.9916233,726.0,1.45
40.7357906,-73.9853623,482.0,1.35
40.7362534,-74.0058972,379.0,1.5
40.736564,-74.001095,1550.0,1.4
40.7369409,-73.9743574,10.0,1.0
40.7369623,-73.9845088,917.0,1.35
40.73733,-73.992654,673.0,1.15
40.738754,-74.00646,699.0,1.5
40.73884,-73.985232,1752.0,1.1
40.7393742,-74.002792,790.0,1.4
40.741223,-74.0050583,769.0,1.4
40.74197,-73.980859,536.0,1.0
40.742901,-73.992805,1397.0,1.1
40.743431,-73.996129,671.0,1.3
40.7444619,-73.9730148,185.0,1.0
40.7465072,-74.0013697,564.0,1.35
40.7471233,-73.9814491,179.0,1.0
40.747296,-73.974044,469.0,1.0
40.74769,-74.004168,1021.0,1.35
40.748974,-74.003236,405.0,1.35
40.7490521,-73.9957492,588.0,1.1
40.749101,-73.992006,1411.0,1.1
40.752317,-73.985947,1319.0,1.0
40.753318,-73.972588,386.0,1.0
40.755193,-73.971217,1330.0,1.0
40.7561341,-73.9850935,385.0,1.0
40.7564522,-73.9703136,1139.0,1.0
40.7564882,-73.9977608,852.0,1.0
40.756498,-73.972362,1140.0,1.0
40.7565441,-73.9940456,750.0,1.0
40.7571542,-73.9935803,404.0,1.0
40.7583894,-73.9925338,598.0,1.0
40.758645,-73.981341,1121.0,1.0
40.7595011,-73.9872519,382.0,1.0
40.7597281,-73.9916837,808.0,1.0
40.7603934,-73.9837581,652.0,1.0
40.7603,-73.9949814,660.0,1.0
40.7606769,-73.9822497,533.0,1.0
40.7608639,-73.9610636,508.0,1.0
40.7609247,-73.9945259,561.0,1.0
40.7612425,-73.9639419,120.0,1.0
40.7622356,-73.9681807,442.0,1.0
40.7628407,-73.9816028,293.0,1.0
40.7633546,-73.9828256,1186.0,1.0
40.7635979,-73.9714037,582.0,1.0
40.7640036,-73.9960052,551.0,1.0
40.7648393,-73.9805314,418.0,1.0
40.7672731,-73.9841758,330.0,1.0
40.7674613,-73.9825338,596.0,1.0
40.7700888,-73.9181379,67.0,1.0
40.7704601,-73.9482132,41.0,1.0
40.770529,-73.980112,73.0,1.0
40.7707623,-73.9569342,536.0,1.0
40.7716141,-73.9532199,347.0,1.0
40.7723305,-73.9527214,455.0,1.0
40.7742922,-73.9512608,236.0,1.0
40.77436,-73.912858,300.0,1.0
40.7753835,-73.9877347,131.0,1.0
40.7775516,-73.948881,409.0,1.0
40.77882,-73.9821871,80.0,1.0
40.7811846,-73.9797549,333.0,1.0
40.78168,-73.9489676,414.0,1.0
40.7831525,-73.9783287,800.0,1.0
40.7835456,-73.9476028,403.0,1.0
40.7876846,-73.9750103,302.0,1.0
40.7921784,-73.9382001,32.0,1.0
40.8079924,-73.9638152,226.0,1.0
40.8264958,-73.9505823,133.0,1.0
40.6902428,-73.9943596,45.0,1.0
40.70839,-73.939958,372.0,1.3
40.7087842,-74.0025812,47.0,1.0
40.710789,-73.9636444,144.0,1.3
40.713269,-73.962081,255.0,1.15
40.7138268,-73.9515729,534.0,1.0
40.7143848,-73.9576522,426.0,1.1
40.7150548,-73.9923742,592.0,1.35
40.7172018,-73.9907057,632.0,1.45
40.717279,-73.995429,776.0,1.2
40.71755,-73.999313,439.0,1.2
40.71808,-73.959606,236.0,1.0
40.7182743,-73.9892832,457.0,1.43333333333
40.7185877,-73.9880604,654.0,1.35
40.7186556,-73.9882865,939.0,1.43333333333
40.7192589,-73.9902048,693.0,1.5
40.7193451,-73.9904721,668.0,1.4
40.7195914,-73.9867535,770.0,1.6
40.720049,-73.955348,193.0,1.1
40.7203062,-73.9891101,785.0,1.53333333333
40.7203336,-73.9937906,735.0,1.5
40.7205251,-73.9895878,845.0,1.53333333333
40.720836,-73.997655,5078.0,1.25
40.7209813,-73.9869509,801.0,1.53333333333
40.721308,-73.994706,1214.0,1.5
40.721518,-73.9884874,497.0,1.6
40.7215763,-73.988922,560.0,1.6
40.721619,-73.995464,446.0,1.6
40.7220371,-73.9854926,819.0,1.55
40.7221619,-73.9863352,531.0,1.4
40.7222838,-73.98017,506.0,1.45
40.7238117,-73.9912532,1062.0,1.5
40.724269,-73.984837,797.0,1.45
40.7249002,-73.9949303,446.0,1.4
40.725203,-73.987053,272.0,1.45
40.7252502,-73.9922886,909.0,1.45
40.72625,-74.00373,252.0,1.43333333333
40.7263678,-74.0056689,311.0,1.43333333333
40.7264217,-74.0055199,240.0,1.43333333333
40.726792,-73.988984,1899.0,1.5
40.727261,-73.982657,1173.0,1.5
40.727468,-73.979469,792.0,1.4
40.7276134,-74.0014475,530.0,1.6
40.7277478,-74.0013389,639.0,1.43333333333
40.728194,-73.984875,645.0,1.55
40.7296852,-73.9902112,762.0,1.45
40.7298231,-74.0104777,587.0,1.2
40.729879,-73.957594,274.0,1.0
40.7298905,-73.9972543,322.0,1.45
40.730079,-73.992841,318.0,1.5
40.730581,-74.001684,776.0,1.45
40.731019,-73.985909,1163.0,1.45
40.7312658,-73.9884779,418.0,1.45
40.7318551,-74.0008455,482.0,1.45
40.7325503,-73.9875558,638.0,1.45
40.732756,-73.990027,1104.0,1.45
40.733843,-74.001205,165.0,1.45
40.734439,-74.006181,871.0,1.5
40.735204,-73.991692,510.0,1.45
40.735313,-73.994118,604.0,1.45
40.735431,-73.982695,581.0,1.1
40.7366271,-73.9889819,622.0,1.35
40.737147,-73.988578,1127.0,1.35
40.7381652,-73.9836326,1045.0,1.1
40.739088,-73.991375,858.0,1.3
40.7398377,-73.989577,691.0,1.3
40.740442,-73.994593,638.0,1.3
40.741351,-73.981312,1779.0,1.1
40.741471,-73.985428,1444.0,1.1
40.742811,-73.99658,780.0,1.3
40.742904,-74.0076536,298.0,1.4
40.743221,-73.9205932,107.0,1.0
40.743265,-73.982009,694.0,1.0
40.743568,-73.992318,991.0,1.1
40.7441802,-73.9763173,435.0,1.0
40.744186,-73.991871,1216.0,1.1
40.744682,-73.987298,810.0,1.0
40.745131,-73.9806552,668.0,1.0
40.7456335,-73.9886658,1857.0,1.0
40.7465072,-74.0013697,564.0,1.35
40.746618,-73.993813,557.0,1.2
40.747023,-74.004653,250.0,1.35
40.747535,-73.988305,737.0,1.0
40.7489497,-73.9995782,150.0,1.3
40.7490283,-73.9800511,86.0,1.0
40.7495393,-73.9774355,469.0,1.0
40.7495811,-73.969243,33.0,1.0
40.7502935,-73.9948451,1687.0,1.1
40.7507747,-73.9765352,1037.0,1.0
40.7509014,-73.9906869,535.0,1.0
40.7520647,-73.983429,625.0,1.0
40.7534779,-73.9925251,627.0,1.0
40.754251,-73.968978,485.0,1.0
40.7553537,-73.9754547,428.0,1.0
40.755951,-73.990726,721.0,1.0
40.756581,-73.986156,652.0,1.0
40.7584754,-73.9731753,210.0,1.0
40.7589757,-73.964501,315.0,1.0
40.7591042,-73.9727178,547.0,1.0
40.7592744,-73.9808828,534.0,1.0
40.7596924,-73.9916025,867.0,1.0
40.7597393,-73.9742235,474.0,1.0
40.7602724,-73.9675724,479.0,1.0
40.7603212,-73.9911398,398.0,1.0
40.7608877,-73.923077,81.0,1.0
40.7612639,-73.9639677,143.0,1.0
40.7614376,-73.9998036,470.0,1.2
40.7616111,-73.9686338,451.0,1.0
40.7623449,-73.9703631,813.0,1.0
40.7647924,-73.9823474,534.0,1.0
40.7652375,-73.9950957,93.0,1.0
40.7653059,-73.9876199,576.0,1.0
40.7669012,-73.9213848,686.0,1.0
40.767767,-73.9815782,13.0,1.0
40.7696436,-73.9099869,36.0,1.0
40.7702886,-73.9914181,240.0,1.0
40.7717304,-73.9612503,122.0,1.0
40.7730148,-73.9521898,296.0,1.0
40.7736018,-73.9815725,269.0,1.0
40.7742266,-73.9811168,92.0,1.0
40.7760287,-73.9872606,44.0,1.0
40.7768304,-73.9866666,6.0,1.0
40.778137,-73.9544814,708.0,1.0
40.7782506,-73.9818786,99.0,1.0
40.7784812,-73.9854503,224.0,1.0
40.778551,-73.951248,404.0,1.0
40.7803049,-73.9856663,30.0,1.0
40.7813273,-73.9461283,135.0,1.0
40.7817679,-73.9830719,45.0,1.0
40.7829443,-73.9480373,183.0,1.0
40.7832495,-73.9805543,82.0,1.0
40.7845351,-73.9735994,226.0,1.0
40.7869385,-73.9792937,195.0,1.0
40.7870013,-73.9755091,381.0,1.0
40.7876214,-73.9770038,344.0,1.0
40.7882867,-73.9764349,638.0,1.0
40.7896812,-73.9481484,85.0,1.0
40.7902593,-73.9456333,67.0,1.0
40.7910468,-73.9513728,59.0,1.0
40.794038,-73.9724164,564.0,1.0
40.7946663,-73.9718149,403.0,1.0
40.7959869,-73.9354207,84.0,1.0
40.7979936,-73.9526684,15.0,1.0
40.8036859,-73.9669452,205.0,1.0
40.8041373,-73.9666191,332.0,1.0
40.8042094,-73.966794,251.0,1.0
40.81337,-73.956257,322.0,1.0
40.815156,-73.957829,140.0,1.0
40.703773,-73.931155,220.0,1.6
40.708846,-74.002503,57.0,1.0
40.7109567,-73.9511193,221.0,1.0
40.711535,-74.010465,145.0,1.2
40.7115654,-74.0158085,200.0,1.0
40.711641,-73.943911,380.0,1.0
40.713256,-74.009254,337.0,1.1
40.715306,-73.960436,195.0,1.2
40.716172,-73.959511,79.0,1.0
40.716384,-73.961423,424.0,1.0
40.716532,-74.006674,235.0,1.0
40.71765,-73.988671,140.0,1.3
40.7183875,-73.9873771,1031.0,1.5
40.71843,-74.000532,970.0,1.33333333333
40.7184979,-73.9883703,287.0,1.4
40.7185877,-73.9880604,654.0,1.35
40.7186362,-73.9890978,356.0,1.5
40.718853,-74.004845,553.0,1.0
40.718968,-73.961028,530.0,1.2
40.719193,-73.999841,1168.0,1.33333333333
40.7192589,-73.9902048,693.0,1.5
40.7195914,-73.9867535,770.0,1.6
40.719867,-73.99526,901.0,1.4
40.719952,-74.008584,242.0,1.15
40.720049,-73.955348,193.0,1.1
40.7203062,-73.9891101,785.0,1.53333333333
40.7203336,-73.9937906,735.0,1.5
40.7204142,-73.9896444,690.0,1.53333333333
40.7205251,-73.9895878,845.0,1.53333333333
40.720755,-74.01007,827.0,1.16666666667
40.720846,-73.95663,364.0,1.2
40.7209934,-73.9939451,447.0,1.4
40.7212285,-73.9877697,490.0,1.45
40.721518,-73.9884874,497.0,1.6
40.7215763,-73.988922,560.0,1.6
40.7223037,-73.9971275,766.0,1.5
40.7223227,-73.9575216,348.0,1.2
40.7223416,-73.9932043,845.0,1.5
40.7245054,-73.9934371,715.0,1.5
40.724929,-73.9903443,643.0,1.55
40.725073,-73.981211,869.0,1.5
40.7252102,-73.9901407,895.0,1.5
40.7252143,-73.9921428,623.0,1.5
40.7252951,-73.977994,646.0,1.53333333333
40.7256763,-73.9921419,1327.0,1.375
40.7257039,-73.9845051,574.0,1.45
40.7258395,-73.9867261,179.0,1.4
40.7258893,-73.9775646,525.0,1.4
40.725915,-74.008349,968.0,1.3
40.726409,-73.986176,906.0,1.5
40.726496,-74.00235,474.0,1.4
40.7265273,-73.9958473,952.0,1.45
40.726746,-74.008967,392.0,1.3
40.7268923,-73.9999617,727.0,1.6
40.7270307,-73.9858543,411.0,1.5
40.7273716,-74.0005643,874.0,1.5
40.7276445,-73.9854151,599.0,1.45
40.727846,-73.982228,986.0,1.5
40.7282373,-73.9849776,562.0,1.5
40.728446,-73.98179,1309.0,1.5
40.7284698,-73.9757347,83.0,1.4
40.7285462,-73.9877078,873.0,1.45
40.728595,-73.987672,465.0,1.45
40.7286617,-73.9876236,1065.0,1.45
40.728695,-73.9762559,120.0,1.4
40.728746,-73.978536,1059.0,1.4
40.7288271,-73.9845455,441.0,1.6
40.729373,-73.9839987,652.0,1.5
40.7294968,-74.0069727,393.0,1.45
40.7295957,-73.9966378,212.0,1.55
40.7297049,-74.0092082,557.0,1.4
40.730615,-73.990646,242.0,1.5
40.731166,-73.991921,366.0,1.4
40.7318551,-74.0008455,482.0,1.45
40.732315,-74.000511,842.0,1.45
40.7326631,-73.9878229,679.0,1.45
40.733054,-74.006407,1580.0,1.45
40.733304,-73.993322,344.0,1.45
40.733372,-73.985242,1231.0,1.35
40.733528,-73.989868,1577.0,1.35
40.7339175,-74.0028914,1379.0,1.45
40.733966,-73.988779,822.0,1.23333333333
40.733966,-73.988779,822.0,1.23333333333
40.7343164,-73.9898732,465.0,1.3
40.7348457,-73.9908242,540.0,1.45
40.7351702,-73.9916102,231.0,1.4
40.735307,-74.000356,771.0,1.45
40.735391,-73.998274,712.0,1.4
40.735431,-73.982695,581.0,1.1
40.7359283,-73.989497,209.0,1.35
40.7363766,-73.9849354,598.0,1.35
40.7369124,-74.0055457,191.0,1.5
40.73693,-73.9786506,206.0,1.0
40.737222,-73.981392,779.0,1.1
40.73733,-73.992654,673.0,1.15
40.737729,-73.9881523,904.0,1.35
40.738139,-74.00647,812.0,1.5
40.7389006,-73.9873016,960.0,1.1
40.73941,-73.9767,361.0,1.0
40.7395069,-73.9847562,818.0,1.1
40.73986,-73.995018,568.0,1.3
40.739881,-73.998713,700.0,1.4
40.740196,-73.986359,1068.0,1.1
40.7408836,-73.9879839,877.0,1.1
40.7410838,-74.0053798,1707.0,1.2
40.741408,-73.983362,501.0,1.1
40.741617,-73.993739,5080.0,1.15
40.742645,-73.982462,816.0,1.0
40.743326,-73.984078,1280.0,1.0
40.743568,-73.992318,991.0,1.1
40.7440556,-74.0031573,251.0,1.4
40.744066,-73.987746,1155.0,1.0
40.7445176,-73.9907382,491.0,1.2
40.744779,-73.975881,372.0,1.0
40.745231,-74.00596,419.0,1.45
40.745286,-73.988729,1403.0,1.1
40.7454982,-73.9044372,64.0,1.0
40.745595,-73.903389,91.0,1.0
40.745734,-73.980209,388.0,1.0
40.7472035,-73.9970954,541.0,1.1
40.747235,-73.993359,1209.0,1.1
40.7478218,-73.9966452,245.0,1.1
40.7478218,-73.9966452,245.0,1.1
40.748355,-74.003684,397.0,1.3
40.7483655,-73.9881686,625.0,1.0
40.7498082,-74.0033011,181.0,1.4
40.7501818,-73.9688093,45.0,1.0
40.7503696,-73.9734898,592.0,1.0
40.7508988,-73.9981519,306.0,1.2
40.751445,-74.00143,401.0,1.16666666667
40.7515213,-73.9802215,238.0,1.0
40.7516588,-73.9901341,297.0,1.0
40.751958,-73.9322693,20.0,1.0
40.7521385,-73.9797698,366.0,1.0
40.752692,-73.973045,923.0,1.0
40.7527732,-73.9228045,28.0,1.0
40.7528405,-73.9833495,656.0,1.0
40.7534035,-73.9963289,348.0,1.25
40.753624,-73.969431,620.0,1.0
40.7536895,-73.9813827,243.0,1.0
40.7549743,-73.9765158,280.0,1.0
40.7556376,-74.0016771,78.0,1.2
40.7559713,-73.9769665,366.0,1.0
40.7571058,-73.9934696,374.0,1.0
40.7572592,-73.9858201,610.0,1.0
40.7577482,-73.9714516,685.0,1.0
40.7580248,-73.9701634,409.0,1.0
40.7589791,-73.9939359,653.0,1.0
40.7590667,-73.9920533,373.0,1.0
40.759165,-73.976744,362.0,1.0
40.7592666,-73.9847647,303.0,1.0
40.7600792,-73.9847433,314.0,1.0
40.7602893,-73.9626209,136.0,1.0
40.7605383,-73.9836507,734.0,1.0
40.7607889,-73.9296584,19.0,1.0
40.7616152,-73.9728511,439.0,1.0
40.7627399,-73.9596951,469.0,1.0
40.7634317,-73.9652142,361.0,1.0
40.7634339,-73.9889839,443.0,1.0
40.7634817,-73.9672707,234.0,1.0
40.7639334,-73.974111,385.0,1.0
40.76399,-73.958781,311.0,1.0
40.7640471,-73.9731813,281.0,1.0
40.7650275,-73.9766802,550.0,1.0
40.7654313,-73.9875294,340.0,1.0
40.7662424,-73.9602312,142.0,1.0
40.7677437,-73.9816187,12.0,1.0
40.7677934,-73.9815412,19.0,1.0
40.7678226,-73.981508,17.0,1.0
40.7726201,-73.9555782,696.0,1.0
40.7746141,-73.9480817,476.0,1.0
40.7746458,-73.9540995,448.0,1.0
40.7749576,-73.9589252,240.0,1.0
40.7752458,-73.9476241,190.0,1.0
40.7755651,-73.9503382,199.0,1.0
40.7755929,-73.9563381,318.0,1.0
40.7769756,-73.9865591,9.0,1.0
40.777887,-73.9517388,405.0,1.0
40.7781772,-73.9484255,321.0,1.0
40.779121,-73.9849977,215.0,1.0
40.781947,-73.94567,61.0,1.0
40.7832595,-73.9507426,211.0,1.0
40.7845691,-73.9795827,225.0,1.0
40.7865321,-73.9504398,155.0,1.0
40.7870136,-73.9775173,413.0,1.0
40.7884298,-73.9490632,65.0,1.0
40.7902981,-73.9693961,110.0,1.0
40.7909323,-73.9472339,115.0,1.0
40.7916741,-73.9647071,219.0,1.0
40.7973103,-73.9344558,23.0,1.0
40.7979309,-73.9421296,48.0,1.0
40.798181,-73.9523184,21.0,1.0
40.7985659,-73.9633655,365.0,1.0
40.8005442,-73.9680997,277.0,1.0
40.803115,-73.956321,134.0,1.0
40.8043853,-73.9374246,364.0,1.0
40.8054098,-73.9656751,147.0,1.0
40.8073825,-73.9644822,233.0,1.0
40.8077463,-73.9454127,126.0,1.0
40.813554,-73.955203,15.0,1.0
40.8182304,-73.9527076,44.0,1.0
40.6936647,-73.9832254,98.0,1.0
40.696784,-73.956581,27.0,1.0
40.6969908,-73.9352898,307.0,1.3
40.6978104,-73.9278298,321.0,1.5
40.703239,-73.92614,273.0,1.5
40.707905,-74.006021,23.0,1.0
40.711962,-73.940688,248.0,1.0
40.71332,-73.949245,394.0,1.0
40.7134182,-73.9158937,6.0,1.2
40.7139582,-73.9579222,160.0,1.0
40.7139899,-73.9974862,101.0,1.3
40.714073,-73.95533,179.0,1.1
40.7141236,-73.9893356,483.0,1.5
40.71429,-73.965142,276.0,1.3
40.714383,-74.010128,354.0,1.1
40.7143848,-73.9576522,426.0,1.1
40.714734,-73.966775,106.0,1.5
40.7148988,-73.9918893,548.0,1.5
40.714946,-74.009681,306.0,1.2
40.716728,-73.958913,197.0,1.0
40.7181209,-73.9865384,1336.0,1.43333333333
40.71843,-74.000532,970.0,1.33333333333
40.718627,-74.002538,435.0,1.3
40.718848,-73.9889127,2171.0,1.325
40.718941,-73.956535,321.0,1.0
40.7190825,-73.9850756,1094.0,1.53333333333
40.7191093,-73.9897283,2542.0,1.43333333333
40.719903,-74.0026,147.0,1.5
40.719952,-74.008584,242.0,1.15
40.7211866,-73.9877912,1961.0,1.4
40.721248,-73.992237,2658.0,1.33333333333
40.7212984,-74.0045565,300.0,1.4
40.7214549,-73.9885198,326.0,1.6
40.7215815,-73.9977854,665.0,1.5
40.721622,-73.9837355,238.0,1.4
40.721677,-73.98923,287.0,1.4
40.7220371,-73.9854926,819.0,1.55
40.7222048,-73.9971004,1314.0,1.5
40.7222838,-73.98017,506.0,1.45
40.7223037,-73.9971275,766.0,1.5
40.7223416,-73.9932043,845.0,1.5
40.7223842,-73.9933219,375.0,1.5
40.7227604,-73.9886061,735.0,1.3
40.7229823,-73.9885488,479.0,1.45
40.7230355,-73.9887309,321.0,1.45
40.72311,-73.9894345,842.0,1.45
40.723277,-73.988451,1315.0,1.4
40.723278,-73.982524,430.0,1.6
40.723682,-74.003635,271.0,1.3
40.724602,-73.9942148,396.0,1.55
40.7246273,-73.9876048,795.0,1.5
40.724863,-73.984403,570.0,1.55
40.7250317,-73.99538,731.0,1.3
40.725073,-73.981211,869.0,1.5
40.7252102,-73.9901407,895.0,1.5
40.7252462,-73.9871571,451.0,1.45
40.7252502,-73.9922886,909.0,1.45
40.725252,-74.003376,562.0,1.2
40.7252951,-73.977994,646.0,1.53333333333
40.7254016,-73.9928428,502.0,1.4
40.7254289,-73.9964137,279.0,1.3
40.725503,-74.003901,265.0,1.3
40.7257039,-73.9845051,574.0,1.45
40.7261336,-73.9950576,154.0,1.6
40.726409,-73.986176,906.0,1.5
40.7264537,-73.9862824,348.0,1.4
40.7265128,-74.0056458,137.0,1.3
40.7269534,-74.0033735,124.0,1.4
40.727157,-74.005545,256.0,1.45
40.727468,-73.979469,792.0,1.4
40.727468,-73.979469,792.0,1.4
40.7277478,-74.0013389,639.0,1.43333333333
40.7278217,-73.9947585,746.0,1.5
40.727879,-74.005427,206.0,1.4
40.7279456,-73.9910504,501.0,1.5
40.727986,-73.988119,120.0,1.4
40.7281073,-73.9989223,468.0,1.5
40.728194,-73.984875,645.0,1.55
40.728412,-73.994252,678.0,1.55
40.728595,-73.987672,465.0,1.45
40.728601,-74.0053147,1119.0,1.35
40.728695,-73.9762559,120.0,1.4
40.728724,-73.954611,77.0,1.0
40.728746,-73.978536,1059.0,1.4
40.7287826,-73.9844396,551.0,1.4
40.7289056,-74.0025341,348.0,1.3
40.7294968,-74.0069727,393.0,1.45
40.7295395,-74.0049873,635.0,1.6
40.72958,-73.993262,831.0,1.55
40.7295957,-73.9966378,212.0,1.55
40.7298662,-73.9914389,575.0,1.4
40.730058,-73.999367,424.0,1.45
40.730228,-74.006857,256.0,1.4
40.730246,-74.00102,761.0,1.4
40.730361,-73.9863908,330.0,1.4
40.7306011,-73.9923997,717.0,1.5
40.730719,-74.00446,714.0,1.3
40.730719,-74.00446,714.0,1.3
40.730947,-74.006737,488.0,1.45
40.731019,-73.985909,1163.0,1.45
40.731774,-74.001167,588.0,1.5
40.7319135,-73.9881864,632.0,1.45
40.7320224,-73.9882889,288.0,1.45
40.732255,-73.996351,1105.0,1.45
40.7323105,-74.0035828,1668.0,1.45
40.7326521,-73.9816091,404.0,1.35
40.7333629,-74.0042443,585.0,1.5
40.733843,-74.001205,165.0,1.45
40.733978,-73.990945,644.0,1.4
40.7340564,-74.0029257,586.0,1.5
40.7345067,-73.9900267,445.0,1.35
40.734532,-73.992266,531.0,1.4
40.7351041,-73.9917773,382.0,1.45
40.735723,-74.006799,895.0,1.5
40.7359997,-73.9936184,519.0,1.45
40.7361498,-73.9790244,71.0,1.2
40.736188,-74.008322,286.0,1.5
40.736668,-73.997341,695.0,1.4
40.7371144,-73.9903426,464.0,1.3
40.737222,-73.981392,779.0,1.1
40.737548,-74.00483,522.0,1.5
40.737554,-74.008206,478.0,1.5
40.73755,-74.006487,296.0,1.5
40.737729,-73.9881523,904.0,1.35
40.7378614,-74.0001742,508.0,1.4
40.737917,-73.992225,914.0,1.3
40.738134,-74.004175,476.0,1.5
40.7381652,-73.9836326,1045.0,1.1
40.738317,-73.987726,1760.0,1.23333333333
40.738504,-73.991798,660.0,1.3
40.738756,-74.003446,595.0,1.5
40.739177,-73.989765,258.0,1.3
40.739243,-73.999185,614.0,1.4
40.740196,-73.986359,1068.0,1.1
40.7408836,-73.9879839,877.0,1.1
40.7428829,-74.0039992,2246.0,1.2
40.7430043,-73.91873,118.0,1.0
40.7431218,-73.9891395,297.0,1.2
40.743425,-73.999848,1306.0,1.15
40.7435493,-73.9205222,128.0,1.0
40.7436556,-73.9214477,153.0,1.0
40.7438565,-73.9889993,370.0,1.0
40.7444002,-73.9307895,39.0,1.0
40.745301,-73.986846,463.0,1.0
40.7459513,-73.9980073,294.0,1.3
40.746036,-73.988592,548.0,1.0
40.746038,-73.990518,579.0,1.1
40.7463948,-74.0051067,91.0,1.3
40.7465597,-73.9840491,461.0,1.0
40.74658,-73.9975495,418.0,1.1
40.746643,-73.97823,305.0,1.0
40.746659,-73.990067,491.0,1.2
40.7472035,-73.9970954,541.0,1.1
40.747277,-73.989617,572.0,1.0
40.747628,-73.976735,455.0,1.0
40.747765,-73.982957,368.0,1.0
40.748974,-74.003236,405.0,1.35
40.749157,-73.972692,521.0,1.0
40.7494797,-73.9753854,189.0,1.0
40.7502653,-73.9911385,185.0,1.0
40.7503045,-73.9832025,709.0,1.0
40.7503275,-73.9754788,511.0,1.0
40.7503917,-73.9910469,487.0,1.0
40.7504071,-73.9873253,399.0,1.0
40.7506202,-73.9876732,198.0,1.0
40.7508497,-73.99444,840.0,1.0
40.751122,-73.971263,624.0,1.0
40.751441,-73.973959,706.0,1.0
40.751785,-73.944555,41.0,1.0
40.7525029,-73.9779689,125.0,1.0
40.752814,-73.981372,262.0,1.0
40.7532586,-74.0038542,101.0,1.2
40.753878,-73.966157,128.0,1.0
40.7539937,-73.9741902,287.0,1.0
40.7545664,-73.9226055,75.0,1.0
40.7545834,-73.9991497,277.0,1.15
40.755405,-73.979483,542.0,1.0
40.7555973,-73.9741137,250.0,1.0
40.755649,-73.94205,181.0,1.0
40.756606,-73.976504,805.0,1.0
40.7578265,-73.9930688,230.0,1.0
40.7582984,-74.0001819,207.0,1.0
40.75833,-73.968936,225.0,1.0
40.7585867,-73.9850867,374.0,1.0
40.758981,-73.962432,255.0,1.0
40.7590918,-73.9862828,541.0,1.0
40.7592117,-73.9846345,275.0,1.0
40.7595777,-73.9680243,559.0,1.0
40.7599106,-73.9804176,405.0,1.0
40.7600067,-73.9963814,423.0,1.0
40.7605433,-73.9583477,103.0,1.0
40.7606598,-73.9644436,105.0,1.0
40.7607936,-73.9786869,316.0,1.0
40.7609093,-73.9669797,408.0,1.0
40.7609292,-73.9691318,588.0,1.0
40.7609894,-73.9733087,382.0,1.0
40.7611565,-73.9833963,330.0,1.0
40.761344,-73.935396,40.0,1.0
40.7621165,-73.9601308,403.0,1.0
40.7621219,-73.9973838,183.0,1.0
40.7625283,-73.9944373,114.0,1.0
40.7628026,-73.9931565,410.0,1.0
40.7628583,-73.9796972,373.0,1.0
40.7634894,-73.9792454,283.0,1.0
40.7642983,-73.9556286,440.0,1.0
40.7646126,-73.9583242,414.0,1.0
40.7648051,-73.9881792,343.0,1.0
40.7648611,-73.9844134,273.0,1.0
40.7651899,-73.9813679,168.0,1.0
40.7654258,-73.9877162,223.0,1.0
40.766548,-73.9904253,216.0,1.0
40.7667142,-73.9671748,87.0,1.0
40.7671047,-73.9937222,136.0,1.0
40.7671158,-73.9564983,155.0,1.0
40.7678848,-73.9856334,298.0,1.0
40.7683328,-73.9926529,43.0,1.0
40.7683937,-73.9927954,59.0,1.0
40.7697532,-73.9646539,16.0,1.0
40.770106,-73.9574143,470.0,1.0
40.7704,-73.954104,391.0,1.0
40.7710298,-73.9871515,100.0,1.0
40.7723386,-73.9587132,191.0,1.0
40.7735731,-73.9578122,234.0,1.0
40.7756284,-73.9626301,144.0,1.0
40.7770317,-73.9865175,14.0,1.0
40.7772389,-73.976292,22.0,1.0
40.7787704,-73.9820716,23.0,1.0
40.7788316,-73.953979,493.0,1.0
40.7820882,-73.9718545,95.0,1.0
40.7838162,-73.9799051,256.0,1.0
40.7885847,-73.9552767,90.0,1.0
40.7903168,-73.9476849,206.0,1.0
40.790419,-73.951835,231.0,1.0
40.7906269,-73.9424329,120.0,1.0
40.791722,-73.952984,27.0,1.0
40.79215,-73.9679339,19.0,1.0
40.7984698,-73.969021,53.0,1.0
40.7998293,-73.9683196,99.0,1.0
40.8004313,-73.9657046,227.0,1.0
40.8013053,-73.9677887,301.0,1.0
40.8044878,-73.9663576,229.0,1.0
40.8047848,-73.966136,122.0,1.0
40.8204628,-73.9362798,71.0,1.0
40.8334857,-73.945481,30.0,1.0
40.694317,-73.930512,119.0,1.35
40.6947248,-73.9312424,14.0,1.5
40.702674,-73.933951,93.0,1.3
40.702849,-73.933523,99.0,1.3
40.7075703,-73.9555595,236.0,1.0
40.707654,-73.939838,361.0,1.0
40.7084072,-73.958011,107.0,1.0
40.7105044,-73.9639181,106.0,1.3
40.710787,-73.959943,138.0,1.2
40.711007,-73.965369,220.0,1.3
40.711213,-73.963379,242.0,1.3
40.711378,-73.966446,146.0,1.3
40.711424,-73.959533,368.0,1.2
40.712057,-73.966143,152.0,1.0
40.712064,-74.010153,124.0,1.0
40.712166,-73.959064,116.0,1.0
40.7125287,-74.0076723,105.0,1.0
40.712797,-73.958665,379.0,1.1
40.713269,-73.962081,255.0,1.15
40.713399,-73.956402,158.0,1.0
40.713796,-74.008832,326.0,1.1
40.713846,-74.010561,84.0,1.0
40.7140601,-73.9529252,130.0,1.0
40.714073,-73.95533,179.0,1.1
40.7141086,-73.9973985,299.0,1.3
40.7141236,-73.9893356,483.0,1.5
40.7143145,-74.0151479,175.0,1.0
40.714502,-73.961287,454.0,1.2
40.7145047,-73.9575206,288.0,1.2
40.7145395,-73.9516798,227.0,1.0
40.714927,-74.00794,316.0,1.2
40.7150553,-73.9968512,219.0,1.5
40.7150774,-73.9924453,98.0,1.5
40.7151378,-73.9599633,71.0,1.4
40.715167,-73.999653,305.0,1.3
40.715306,-73.960436,195.0,1.2
40.71552,-74.009239,421.0,1.0
40.715553,-73.989754,283.0,1.3
40.71593,-73.961912,284.0,1.0
40.716708,-73.989155,316.0,1.3
40.717658,-73.99222,326.0,1.3
40.718026,-74.003046,101.0,1.3
40.7182743,-73.9892832,457.0,1.43333333333
40.7183389,-73.9906819,490.0,1.4
40.718417,-73.96162,106.0,1.0
40.7184269,-73.9881374,108.0,1.4
40.7184578,-73.9948124,523.0,1.4
40.7188917,-73.9890494,1871.0,1.43333333333
40.7189506,-73.9898117,778.0,1.43333333333
40.7189737,-73.988925,801.0,1.43333333333
40.7190036,-73.9903339,1805.0,1.43333333333
40.7192854,-73.9902834,247.0,1.6
40.7193561,-73.9942647,391.0,1.6
40.719398,-74.001884,410.0,1.5
40.719521,-73.960434,187.0,1.0
40.7195597,-73.994508,553.0,1.4
40.719571,-73.9912393,587.0,1.4
40.719786,-73.998524,778.0,1.2
40.7200792,-74.0056562,119.0,1.3
40.720115,-74.010182,296.0,1.3
40.7204142,-73.9896444,690.0,1.53333333333
40.7204583,-74.0052035,356.0,1.5
40.7206309,-74.0086265,42.0,1.0
40.7207426,-73.98616,232.0,1.4
40.720846,-73.95663,364.0,1.2
40.721063,-73.998196,983.0,1.2
40.7212984,-74.0045565,300.0,1.4
40.721449,-73.997399,3322.0,1.33333333333
40.7215815,-73.9977854,665.0,1.5
40.7216783,-73.9806076,773.0,1.55
40.7219224,-73.9855518,386.0,1.4
40.7221609,-73.9887981,607.0,1.45
40.7221619,-73.9863352,531.0,1.4
40.722285,-73.957461,347.0,1.0
40.72228,-73.9862737,585.0,1.5
40.7223842,-73.9933219,375.0,1.5
40.722384,-74.003768,1244.0,1.33333333333
40.7225403,-73.9870975,376.0,1.4
40.7229078,-73.9887918,402.0,1.5
40.7229823,-73.9885488,479.0,1.45
40.7230355,-73.9887309,321.0,1.45
40.723277,-73.988451,1315.0,1.4
40.723278,-73.982524,430.0,1.6
40.7233779,-73.9903054,276.0,1.6
40.723423,-73.999609,177.0,1.6
40.723486,-73.951646,225.0,1.0
40.7235993,-73.9910568,442.0,1.6
40.723649,-73.985286,1140.0,1.6
40.723686,-73.996476,649.0,1.6
40.7238117,-73.9912532,1062.0,1.5
40.723942,-73.987968,615.0,1.45
40.724269,-73.984837,797.0,1.45
40.724336,-73.949083,21.0,1.0
40.724403,-73.995882,373.0,1.4
40.724602,-73.9942148,396.0,1.55
40.7248794,-73.9922645,677.0,1.55
40.7249145,-73.9923921,486.0,1.6
40.7251507,-73.995285,451.0,1.35
40.725203,-73.987053,272.0,1.45
40.7252143,-73.9921428,623.0,1.5
40.7252743,-73.9958121,220.0,1.35
40.7253362,-73.9968133,272.0,1.4
40.725685,-73.980768,270.0,1.4
40.725796,-73.986623,536.0,1.5
40.72584,-74.007557,224.0,1.3
40.7258521,-73.9947115,395.0,1.4
40.726018,-73.9945838,234.0,1.4
40.726073,-74.009907,380.0,1.3
40.72625,-74.00373,252.0,1.43333333333
40.7263678,-74.0056689,311.0,1.43333333333
40.7265273,-73.9958473,952.0,1.45
40.726601,-74.007434,314.0,1.4
40.7269315,-73.9966626,602.0,1.6
40.7270307,-73.9858543,411.0,1.5
40.7271144,-73.9916033,5152.0,1.375
40.727157,-74.005545,256.0,1.45
40.7272468,-74.0006672,310.0,1.6
40.727289,-73.99364,2772.0,1.375
40.7273716,-74.0005643,874.0,1.5
40.7274637,-73.9886852,292.0,1.6
40.7276445,-73.9854151,599.0,1.45
40.7277093,-73.9912191,381.0,1.4
40.7277478,-74.0013389,639.0,1.43333333333
40.727846,-73.982228,986.0,1.5
40.727867,-73.993147,573.0,1.45
40.7284698,-73.9757347,83.0,1.4
40.728853,-74.005269,528.0,1.4
40.7291711,-74.0011907,1970.0,1.43333333333
40.729192,-73.987239,618.0,1.45
40.7294196,-73.9841116,359.0,1.4
40.7295269,-74.0018792,304.0,1.3
40.729685,-73.998605,835.0,1.45
40.729779,-73.986812,225.0,1.5
40.7298231,-74.0104777,587.0,1.2
40.7298905,-73.9972543,322.0,1.45
40.7300191,-73.983536,298.0,1.4
40.7300426,-73.9910654,365.0,1.4
40.730197,-73.954245,90.0,1.0
40.730321,-74.004688,781.0,1.4
40.730581,-74.001684,776.0,1.45
40.7306534,-73.9830644,1092.0,1.35
40.7307023,-73.9831802,436.0,1.3
40.730719,-74.00446,714.0,1.3
40.731136,-74.002943,88.0,1.5
40.7320224,-73.9882889,288.0,1.45
40.732318,-74.001663,616.0,1.5
40.7325503,-73.9875558,638.0,1.45
40.7326521,-73.9816091,404.0,1.35
40.7326631,-73.9878229,679.0,1.45
40.732731,-73.993814,246.0,1.4
40.732841,-74.002124,271.0,1.4
40.732946,-73.997987,1247.0,1.45
40.733033,-73.984441,353.0,1.3
40.7331389,-74.0058299,368.0,1.4
40.733922,-73.992792,208.0,1.4
40.734149,-73.999019,322.0,1.5
40.7345067,-73.9900267,445.0,1.35
40.7347337,-73.9905653,359.0,1.5
40.734791,-74.008436,112.0,1.5
40.734839,-73.998873,159.0,1.5
40.7350814,-73.9913952,627.0,1.45
40.7351041,-73.9917773,382.0,1.45
40.735134,-74.006069,693.0,1.5
40.735307,-74.000356,771.0,1.45
40.735313,-73.994118,604.0,1.45
40.7354686,-73.9752231,51.0,1.2
40.7359997,-73.9936184,519.0,1.45
40.736506,-73.9888706,1056.0,1.35
40.7369839,-73.9784388,108.0,1.0
40.737147,-73.988578,1127.0,1.35
40.7375427,-73.9840861,717.0,1.35
40.738139,-74.003874,339.0,1.5
40.7385593,-73.9804373,385.0,1.2
40.7391764,-73.9799917,307.0,1.1
40.7391879,-74.0029568,299.0,1.4
40.739418,-74.003865,282.0,1.4
40.739497,-73.982665,989.0,1.1
40.7395069,-73.9847562,818.0,1.1
40.739673,-73.990945,707.0,1.15
40.7397957,-73.9795466,252.0,1.0
40.740024,-74.005291,2264.0,1.2
40.7405213,-73.9893923,479.0,1.3
40.74088,-73.99007,572.0,1.3
40.741056,-73.997862,665.0,1.3
40.741408,-73.983362,501.0,1.1
40.7415414,-73.98751,291.0,1.2
40.7418974,-74.0076148,193.0,1.4
40.742026,-73.982912,508.0,1.2
40.7422567,-74.0043512,10182.0,1.2
40.7428953,-73.9177924,50.0,1.0
40.7430799,-73.9892461,432.0,1.0
40.7437155,-73.9890267,358.0,1.0
40.7438288,-73.9736229,143.0,1.0
40.743836,-73.9891068,478.0,1.0
40.7445076,-73.9731261,110.0,1.0
40.744646,-74.006385,1798.0,1.3
40.7447002,-73.9485066,27.0,1.0
40.745286,-73.988729,1403.0,1.1
40.745294,-73.998486,2463.0,1.15
40.745391,-73.905555,69.0,1.0
40.745797,-74.0017231,230.0,1.3
40.747164,-74.0008811,237.0,1.3
40.7476083,-73.9564973,7.0,1.0
40.7477804,-74.000438,237.0,1.3
40.747855,-73.99291,564.0,1.0
40.7478958,-73.9891568,452.0,1.0
40.748482,-73.996308,61.0,1.0
40.7489243,-73.988083,246.0,1.0
40.749491,-73.987973,400.0,1.0
40.7495806,-73.9775344,296.0,1.0
40.7501558,-73.9769869,430.0,1.0
40.750162,-73.904334,6.0,1.0
40.7502651,-73.979154,139.0,1.0
40.750522,-73.9894932,353.0,1.0
40.7507802,-73.9922322,720.0,1.0
40.7507927,-74.0056333,220.0,1.4
40.750828,-74.001882,684.0,1.16666666667
40.7510644,-73.9980272,78.0,1.0
40.7519186,-73.9325913,22.0,1.0
40.752116,-73.975558,330.0,1.0
40.7521273,-73.9770815,115.0,1.0
40.7521912,-73.9769279,265.0,1.0
40.7522629,-73.9774036,145.0,1.0
40.752741,-73.975102,279.0,1.0
40.752895,-73.989243,298.0,1.0
40.7530981,-73.9778733,157.0,1.0
40.7534035,-73.9963289,348.0,1.25
40.7539186,-73.9996344,171.0,1.2
40.754091,-73.992079,429.0,1.0
40.75457,-73.971677,377.0,1.0
40.7545834,-73.9991497,277.0,1.15
40.7547823,-73.9799375,349.0,1.0
40.7549249,-73.9725203,438.0,1.0
40.7550366,-73.995101,191.0,1.0
40.75513,-73.96524,297.0,1.0
40.7551516,-73.9221287,234.0,1.0
40.755234,-73.941239,211.0,1.0
40.755825,-73.97076,887.0,1.0
40.7564961,-73.9939243,388.0,1.0
40.7566636,-73.9296844,167.0,1.0
40.7572226,-73.9740875,313.0,1.0
40.7576322,-73.9634155,179.0,1.0
40.7583143,-73.9825027,380.0,1.0
40.7584619,-73.9867284,258.0,1.0
40.7585656,-73.9181298,17.0,1.0
40.7586846,-73.9717262,479.0,1.0
40.7587509,-73.9854755,402.0,1.0
40.7593846,-73.9198744,91.0,1.0
40.7596271,-73.9700795,457.0,1.0
40.7597316,-73.9780866,241.0,1.0
40.759787,-73.976289,446.0,1.0
40.759847,-73.9878847,385.0,1.0
40.7600748,-73.9617734,186.0,1.0
40.7601612,-73.9849383,313.0,1.0
40.7602511,-73.9890231,259.0,1.0
40.7610508,-73.9831437,364.0,1.0
40.7612187,-73.9305792,55.0,1.0
40.7612593,-73.9816951,424.0,1.0
40.7614844,-73.9841803,425.0,1.0
40.7618672,-73.9812306,125.0,1.0
40.7620648,-73.9836282,315.0,1.0
40.762293,-73.974457,243.0,1.0
40.7623523,-73.9261907,139.0,1.0
40.762814,-73.9893178,89.0,1.0
40.762967,-73.973968,504.0,1.0
40.7629704,-73.9699023,168.0,1.0
40.7631352,-73.9803314,286.0,1.0
40.7637382,-73.9620616,180.0,1.0
40.7638247,-73.9150606,113.0,1.0
40.7640585,-73.9885288,305.0,1.0
40.7642122,-73.9689903,49.0,1.0
40.7642198,-73.9709542,211.0,1.0
40.764348,-73.923457,122.0,1.0
40.7644389,-73.9795628,338.0,1.0
40.764739,-73.9841332,168.0,1.0
40.765066,-73.9174772,93.0,1.0
40.7655499,-73.9546935,142.0,1.0
40.7655569,-73.9136488,192.0,1.0
40.7656803,-73.9312675,33.0,1.0
40.7657391,-73.918921,154.0,1.0
40.7658676,-73.9574123,137.0,1.0
40.7661776,-73.954238,71.0,1.0
40.766557,-73.9629323,155.0,1.0
40.7668373,-73.9789845,234.0,1.0
40.7689943,-73.992362,126.0,1.0
40.769737,-73.9627055,72.0,1.0
40.7698079,-73.9607487,35.0,1.0
40.7698759,-73.9183827,58.0,1.0
40.7705276,-73.9940999,26.0,1.0
40.7716213,-73.9904588,56.0,1.0
40.7729692,-73.9582529,305.0,1.0
40.7742707,-73.9573031,344.0,1.0
40.7749613,-73.9567991,155.0,1.0
40.7755451,-73.9822819,210.0,1.0
40.775675,-73.9606194,69.0,1.0
40.7757113,-73.9112233,117.0,1.0
40.7758327,-73.9102713,31.0,1.0
40.7760913,-73.9797571,177.0,1.0
40.7766093,-73.9868304,18.0,1.0
40.7781323,-73.9821771,119.0,1.0
40.7792635,-73.9811523,141.0,1.0
40.7803121,-73.9816372,98.0,1.0
40.7809783,-73.9812259,58.0,1.0
40.7811058,-73.9607353,36.0,1.0
40.7851382,-73.9730765,393.0,1.0
40.7853033,-73.9693488,236.0,1.0
40.7865436,-73.9546622,44.0,1.0
40.788319,-73.941019,73.0,1.0
40.789168,-73.952743,120.0,1.0
40.7896131,-73.9736025,105.0,1.0
40.7914959,-73.9722281,56.0,1.0
40.7915093,-73.974213,98.0,1.0
40.7915269,-73.9683843,21.0,1.0
40.7915955,-73.9647648,149.0,1.0
40.7921407,-73.9737576,91.0,1.0
40.792701,-73.9731263,81.0,1.0
40.792843,-73.9377173,20.0,1.0
40.7931826,-73.940567,126.0,1.0
40.793608,-73.951602,14.0,1.0
40.7939616,-73.9741855,41.0,1.0
40.7940493,-73.970364,354.0,1.0
40.79418,-73.9448653,80.0,1.0
40.7942739,-73.9627953,26.0,1.0
40.7965558,-73.9722592,57.0,1.0
40.7985861,-73.9335218,33.0,1.0
40.7986248,-73.9395221,66.0,1.0
40.7995808,-73.9358949,21.0,1.0
40.8003089,-73.9583884,43.0,1.0
40.8003624,-73.9681447,89.0,1.0
40.800463,-73.967898,99.0,1.0
40.8005566,-73.9402073,56.0,1.0
40.802488,-73.956778,217.0,1.0
40.8036303,-73.9633861,106.0,1.0
40.803699,-73.937914,71.0,1.0
40.8037025,-73.9655819,84.0,1.0
40.8044964,-73.9514862,21.0,1.0
40.8048852,-73.9624527,327.0,1.0
40.8066676,-73.964761,72.0,1.0
40.8078108,-73.9455708,162.0,1.0
40.8084812,-73.945077,359.0,1.0
40.8135841,-73.931023,11.0,1.0
40.815657,-73.9582483,157.0,1.0
40.8340769,-73.9448488,99.0,1.0
